Trial Number,MSE,Resultant Angles
1,1.1107207345395915,0.0,0.0
2,1.124407889123326,0.024842849768454467,-0.04276167385226808
3,1.1140523941558655,0.06174213561893898,-0.06161700198286848
4,1.0862912150024862,0.10615132214639693,-0.062335481353098625
5,1.0466820751632622,0.15408676211220496,-0.04946067561387542
6,0.9992726927097916,0.2035466162006956,-0.027002409854579044
7,0.9473776454769776,0.25243294383647147,0.002153324354239911
8,0.8933320735006591,0.29945505544839823,0.03579727667051495
9,0.8387294113173136,0.34392885809506996,0.07225590698255681
10,0.7845282156226553,0.38524338014519555,0.11059399139759313
11,0.7314232274267483,0.423478890796825,0.14979264285849292
12,0.6796547674504188,0.45876149035768304,0.1893787956386511
13,0.629890472259424,0.49126634139946357,0.22839863168189464
14,0.5821456336194346,0.5212764358911487,0.2666176203917752
15,0.5364110869462297,0.5490635988025678,0.3038560284013672
16,0.49265423753833826,0.5748739722426318,0.3399907513541688
17,0.45081521448371276,0.5988854898054502,0.37497474764298533
18,0.4107386050921668,0.6209876385311467,0.4090002608710843
19,0.3723492453424898,0.6414219295418396,0.4420109117530741
20,0.33557283035149404,0.6603947249938319,0.4739768011607098
21,0.30033647734972735,0.6780809352639575,0.5048896748047007
22,0.2665716078841755,0.6946265158905337,0.5347571249802827
23,0.2342186258018614,0.7101498139038296,0.5635963361484407
24,0.20323246789184843,0.7247440513472653,0.5914277669530036
25,0.17359251089587174,0.7385045894219622,0.6182594408974275
26,0.145305405689356,0.7514535218552827,0.6441132659981784
27,0.11841433493599361,0.7635953464257287,0.6690083361339311
28,0.09304171993716195,0.7749148400744498,0.6929489255370378
29,0.06947536696626334,0.7853750565395732,0.7159228002737476
30,0.048441032107099956,0.794916370796135,0.7379014548849979
31,0.03211837720138083,0.8034605510056727,0.7588399197066384
32,0.026389065109942073,0.8109146578652873,0.7786682846875825
33,0.033913242354210636,0.8171608801874338,0.7972825156765839
34,0.04686842536674958,0.8220942883895581,0.8145536724295682
35,0.060317143611415325,0.8256403065919303,0.830328417398009
36,0.07268081742628131,0.8277724618394333,0.8444483120280997
37,0.08339426812784602,0.8285208220220411,0.8567777141786482
38,0.09223420666559061,0.8279683503263666,0.8672207034708769
39,0.09913215431521358,0.8262399239880795,0.8757260915870889
40,0.10410754273042463,0.8234889518969435,0.8822871322476425
41,0.10723580882880514,0.8198828975113105,0.8869379182142897
42,0.1086587508911471,0.8154891301994203,0.889807252379907
43,0.10848979905950853,0.8104782093256815,0.8909492306407986
44,0.1068710058393999,0.805030140778673,0.890450518693406
45,0.10396070009420226,0.7993244356850459,0.8884218796197257
46,0.09992376575030167,0.7935354160598559,0.8849900510230441
47,0.09492386385537505,0.7878305991635407,0.8802908564010595
48,0.08911663133894253,0.782371674994382,0.8744633886492102
49,0.08264302794686366,0.7773158303289799,0.8676450232791266
50,0.0756238604076014,0.7728137449559626,0.8599675986604163
51,0.06815873689826028,0.7690018699339916,0.8515553623725143
52,0.06033301219810754,0.7659920291315074,0.8425249899656139
53,0.05223469271027051,0.7638647532103924,0.832987819503081
54,0.0439842075890849,0.7626679536414076,0.8230538147885225
55,0.03579016965694405,0.7624186418542601,0.8128367827817939
56,0.028073520686660473,0.7631050255411758,0.8024609465310869
57,0.021759084864869136,0.7646869395495908,0.7920692188522107
58,0.018649147440147187,0.7670931633216435,0.7818319788159755
59,0.020280347615462366,0.7702159250774688,0.7719522666627809
60,0.02547505375219904,0.7739089601715653,0.7626610445625609
61,0.0320706251953039,0.7779832191188828,0.754196503156951
62,0.03876293547866038,0.782213023235109,0.7467663106193451
63,0.04489509103017672,0.7863524105318835,0.7405132147953358
64,0.05011967910578582,0.7901579298028497,0.73550500898291
65,0.054248188243619454,0.7934123716253176,0.7317452194503029
66,0.05718823131843058,0.7959445920619228,0.7291908093967886
67,0.058916669084983365,0.7976426117240037,0.7277678989416283
68,0.05946646735675375,0.798456701626974,0.7273832056779095
69,0.05891567334234488,0.798393517902252,0.7279335888608143
70,0.05737901978824993,0.7975106905051974,0.7293121705032825
71,0.05498945614674245,0.7958882131200549,0.7314185455391145
72,0.05189651333150316,0.7936241338509706,0.7341577349637919
73,0.048265328163413654,0.7908275250513015,0.7374391816030682
74,0.044278200053879835,0.7876114863647388,0.7411753163446649
75,0.04014197581566621,0.7840892575478747,0.7452775329454915
76,0.036105673556331874,0.7803731715621933,0.7496438752628479
77,0.03247980821969424,0.776577017968941,0.7541391593295442
78,0.02960297888657335,0.772820998163464,0.7585998187911864
79,0.02772615287590655,0.7692337032205323,0.7628715173868448
80,0.026892731615027567,0.7659457492291374,0.7668287639256721
81,0.02690468220243185,0.7630788455657077,0.7703745161725032
82,0.027410016818446233,0.7607356837449201,0.77343692937348
83,0.02802625430324158,0.7590126824472291,0.7759494954862776
84,0.02844291820183269,0.7579646126154801,0.7778881775566282
85,0.028473530475615787,0.7575914812063747,0.7792719603914706
86,0.028022994908743753,0.7578752184009458,0.7801278937293022
87,0.027064089905235955,0.758781676546394,0.7804963688172617
88,0.025621244740446,0.7602618066293882,0.7804371402692383
89,0.023758908063855336,0.7622520159542107,0.7800370468232042
90,0.021572040761943977,0.7646729051545343,0.7794134651260648
91,0.019178375178129987,0.7674270715191082,0.7787011542759545
92,0.016715512760741034,0.7703981845765967,0.7780219175888746
93,0.014340761917775342,0.7734541280517858,0.7774610687121191
94,0.012225033559647608,0.7764532322586382,0.7770651175883545
95,0.010526739231181642,0.779253108535384,0.7768512025584413
96,0.009335968232021994,0.7817211930092299,0.776816777052953
97,0.008612823283727545,0.7837460083089393,0.7769452876453605
98,0.00819152336558643,0.7852464228195547,0.7772080455810815
99,0.007872187422283121,0.7861764823434129,0.7775645464531559
100,0.00752036178995909,0.7865257592038419,0.7779628174640515
101,0.0071155570522610494,0.7863164585192453,0.7783421102348604
102,0.006761490402644601,0.7855979854202203,0.7786396263054238
103,0.006667040185490171,0.7844405958615537,0.7788002478744106
104,0.0070588361718644695,0.7829281423473782,0.7787855871889322
105,0.008033908844781284,0.7811509215525086,0.7785787332132724
106,0.00951202583610772,0.7791993891478267,0.7781833291437035
107,0.01133108574326973,0.7771592638598461,0.7776190864258128
108,0.013335048914661612,0.7751082237905992,0.7769163786534327
109,0.015399425541913278,0.7731139916686213,0.776111536886297
110,0.017428830854394856,0.7712334309831405,0.7752431399813176
111,0.019350102656672214,0.7695125295986441,0.7743494932677881
112,0.02110754789355941,0.7679865661151671,0.7734664888226636
113,0.02266006404234057,0.7666805194242242,0.7726259941809602
114,0.023980595046304065,0.7656084411969977,0.7718543148305226
115,0.025051210034633523,0.7647790288513889,0.7711709214029215
116,0.025864285378080807,0.7641940644470933,0.7705877803564072
117,0.02642139013141763,0.7638494485245314,0.7701095158509089
118,0.02673176175201699,0.7637363434489255,0.7697344268418119
119,0.026810909864447847,0.7638421317583558,0.7694556922046253
120,0.026679078343953538,0.7641512637177569,0.7692630316879164
121,0.026359964567749992,0.7646460355701808,0.7691440278420338
122,0.025879540258473374,0.7653072257113569,0.7690854436093952
123,0.0252652960158066,0.7661144589728549,0.7690741342860049
124,0.02454545521120913,0.7670466771926884,0.7690977853158828
125,0.02374853268379257,0.7680823180347546,0.7691453389041966
126,0.02290276060464686,0.7691996148046735,0.7692073182434337
127,0.022035826044887186,0.7703765411874052,0.7692758653087989
128,0.0211742467335762,0.7715910523703381,0.76934473978068
129,0.020342741077893436,0.7728211192849297,0.769409258620886
130,0.01956335547076698,0.774044918543314,0.7694661607437433
131,0.01885448074308472,0.7752409469877105,0.769513504166067
132,0.018229618603506,0.7763883024632581,0.7695507219517181
133,0.01769650332015847,0.7774670462167966,0.7695784412119245
134,0.017256561477565113,0.7784584336164903,0.7695985094583182
135,0.016905080412440245,0.77934537262085,0.7696138209161855
136,0.016632115648765895,0.7801129361279511,0.7696281398190358
137,0.016424184580488815,0.7807485576454795,0.7696458618041818
138,0.016266500120198386,0.7812422396046957,0.7696715196490432
139,0.01614490225324292,0.781587054406126,0.7697095268402764
140,0.01604786859074577,0.7817794209056691,0.7697636250581165
141,0.015967711843247658,0.7818191655326706,0.7698367175843849
142,0.01590155239929668,0.7817094942336447,0.7699303552622411
143,0.0158511512337775,0.7814569115452302,0.7700448077618397
144,0.01582239158530799,0.78107096537421,0.7701789836315572
145,0.015824092412677595,0.7805639338212249,0.7703305781533115
146,0.015866442089006935,0.7799504381551199,0.7704962751195182
147,0.01595921709465479,0.7792469251559838,0.7706720342940122
148,0.016109961183754556,0.7784712289925029,0.7708534588940332
149,0.016322634995376856,0.77764208923696,0.771036000370616
150,0.016596625072383294,0.7767786355451569,0.7712153673615167
151,0.016926611678951663,0.7758998917048876,0.7713877023848933
152,0.017302977830083402,0.7750244285152588,0.7715497459289286
153,0.01771271276769926,0.7741698913585698,0.7716990356656561
154,0.018140633286963182,0.7733527007596711,0.7718338939407473
155,0.018570616027447993,0.7725876907005907,0.7719534778703719
156,0.018986653412396137,0.7718879380478856,0.7720577429090796
157,0.019373803910331406,0.7712645584114859,0.7721472959520034
158,0.019718855773308924,0.7707265509975267,0.7722232985937766
159,0.020010766578990067,0.770280725399987,0.772287334000658
160,0.02024094161311808,0.7699316757646364,0.7723412312275344
161,0.020403324277264472,0.7696818803629885,0.7723868571930751
162,0.02049441168697882,0.7695316729602983,0.772426062888926
163,0.020513103120743614,0.7694795041774499,0.7724604785860215
164,0.020460637014334475,0.7695219315095081,0.7724914624993603
165,0.020340260889523416,0.769653984269178,0.7725200021688096
166,0.020157111475671705,0.7698692025248708,0.7725466842117431
167,0.019917874921535954,0.7701599349148867,0.7725717011376044
168,0.019630492520321084,0.7705175351836644,0.7725949161314801
169,0.01930395168202787,0.770932511549313,0.7726158526849595
170,0.018947919492892623,0.7713948041358792,0.7726337761226681
171,0.018572514746628764,0.7718938617111941,0.7726477853646064
172,0.01818792185358653,0.7724189682287849,0.772656852863366
173,0.017804145486438955,0.7729592674820458,0.7726599741655336
174,0.017430711021771357,0.7735040649636797,0.7726561027645551
175,0.01707636604845948,0.7740429231683134,0.7726443092051025
176,0.01674879758450399,0.7745658532318298,0.7726238423977816
177,0.016454477919764544,0.7750634903795036,0.7725940868112908
178,0.016198477657971177,0.7755271974643402,0.7725546938512855
179,0.01598441248184259,0.7759492330631275,0.7725055624989935
180,0.01581444423864551,0.7763229090317876,0.7724468543989036
181,0.015689456310363094,0.776642605939197,0.7723789755230049
182,0.015609128477614006,0.7769039487098847,0.7723026218404053
183,0.015572209988586777,0.7771038209029313,0.7722187246190977
184,0.015576732993821283,0.7772404053664121,0.772128438657731
185,0.015620233523286016,0.7773131853323891,0.7720331035393893
186,0.015699899217147567,0.777322885644465,0.7719342588879546
187,0.015812725194613284,0.777271517497718,0.7718335069513471
188,0.01595561912406058,0.7771621591211875,0.7717325124728307
189,0.016125269456933797,0.7769990275154461,0.7716330323957329
190,0.01631827300014432,0.7767872200483179,0.7715367894271196
191,0.016531063339645064,0.7765326670796389,0.7714454206499357
192,0.01675983462181684,0.776241917141939,0.7713605278750705
193,0.017000534499194055,0.7759220481836365,0.7712835817985183
194,0.01724887883776336,0.7755804511021939,0.7712159087654283
195,0.01750030712500536,0.7752247099329223,0.7711587254143453
196,0.01775011426251112,0.7748624362865069,0.7711130308962786
197,0.017993499084261316,0.7745010988181765,0.7710796441705696
198,0.01822563965667228,0.7741478936242389,0.7710592174485692
199,0.018441831013763104,0.7738096308422588,0.7710521868061698
200,0.01863762114829107,0.7734925590602283,0.7710587942539749
201,0.01880892490760119,0.7732023063733995,0.7710790598071833
202,0.018952108974794043,0.7729437908839656,0.7711128198633265
203,0.019064127493870608,0.7727211526807808,0.7711596818635188
204,0.019142587538844666,0.7725376723416837,0.7712190792420125
205,0.019185887184400893,0.7723957387975184,0.7712901790773656
206,0.01919317963645687,0.772296810007755,0.7713720205236688
207,0.01916441049352412,0.7722415022831582,0.7714634263031208
208,0.01910028433992114,0.7722295538629018,0.7715631142543303
209,0.019002401305786454,0.7722597972330697,0.7716695585915379
210,0.018873080051254116,0.7723302572983041,0.7717811526827211
211,0.018715358376208812,0.7724382259919703,0.7718961390456697
212,0.018532826742518663,0.7725803487823975,0.7720127498602278
213,0.01832963392607826,0.7727526755162643,0.772129134943531
214,0.018110418623445076,0.7729506990597087,0.7722433964182454
215,0.017880104019594886,0.7731695634795932,0.7723536448628082
216,0.01764377259391236,0.7734041179529548,0.7724580866889771
217,0.017406576331476832,0.7736490322440573,0.7725550011418374
218,0.01717365024315177,0.7738988695657824,0.7726427526221296
219,0.01694991699188,0.77414826116368,0.7727198596559268
220,0.01673999807329175,0.7743919793950431,0.7727850175091692
221,0.016548084151585894,0.7746250528737495,0.7728371451770913
222,0.016377862438399463,0.7748428539802855,0.7728753912938328
223,0.016232458833605835,0.7750411802705365,0.772899138623748
224,0.016114342869072998,0.7752163759511653,0.772908037277158
225,0.01602534697438158,0.7753653347937981,0.7729020001519117
226,0.01596664516833636,0.7754855768557383,0.7728811994690562
227,0.015938669032253414,0.7755753216888694,0.7728461535469137
228,0.01594126234805286,0.7756334694724176,0.7727975841329892
229,0.01597366912554652,0.775659616476412,0.7727364569879941
230,0.01603447199466774,0.7756540966161825,0.7726640574331485
231,0.016121876932858013,0.7756178342195592,0.7725817646438845
232,0.01623348712177073,0.7755524854502696,0.7724912377413079
233,0.01636656271943262,0.7754602328646399,0.7723942442968772
234,0.016518025371875553,0.7753437782868269,0.7722926492055808
235,0.016684430297829372,0.775206337393832,0.7721884360317856
236,0.016862094823339422,0.7750514567860338,0.7720836636273254
237,0.01704723128163654,0.7748829643679122,0.7719803139520696
238,0.017235884245288224,0.7747049614398108,0.7718803552315453
239,0.017424088015233843,0.7745215782688074,0.7717857154507326
240,0.01760791689628964,0.7743369969391352,0.7716981877037424
241,0.017783570021997982,0.7741553197067053,0.7716194178640978
242,0.017947466474290706,0.7739804987509387,0.7715508356095452
243,0.018096247162488782,0.7738162529838721,0.771493721210227
244,0.01822693364326501,0.7736659452202928,0.7714491072759895
245,0.01833691804471979,0.7735326080365524,0.7714177785902877
246,0.018424063698593365,0.7734187995102659,0.7714002719837997
247,0.018486774252152904,0.7733265978907603,0.7713968017326742
248,0.018523962226312547,0.773257537943958,0.7714073667739562
249,0.018535081823375227,0.7732126519814234,0.7714316831776813
250,0.018520199844303645,0.7731923967342553,0.7714691626279518
251,0.01847992157903594,0.7731966573820369,0.7715190152779419
252,0.018415428247854613,0.7732247953181903,0.7715801640068424
253,0.01832840957749024,0.7732756248470745,0.7716513580691207
254,0.018221011185011876,0.773347514683073,0.7717311551598327
255,0.018095860654786904,0.7734383458804963,0.7718179226853448
256,0.01795587664143149,0.7735456437733291,0.7719099728396983
257,0.01780435015137794,0.7736666037433028,0.7720054268438497
258,0.017644748395523213,0.7737981257051083,0.7721024395932468
259,0.017480678526841313,0.7739369893265858,0.7721990872678034
260,0.017315798662113878,0.774079823283309,0.7722935054329102
261,0.017153740824560185,0.774223230903747,0.7723838747869478
262,0.01699799115960821,0.7743638409560718,0.7724685295386782
263,0.016851920269483987,0.7744984207518703,0.7725458162565867
264,0.016718553421009374,0.7746239174016673,0.7726143591235421
265,0.01660061908895965,0.7747375487735161,0.7726729188034637
266,0.016500446533204,0.774836827918228,0.772720508697525
267,0.016419967551420337,0.7749196561382614,0.7727563193860366
268,0.016360592719937356,0.774984378819005,0.7727798400182729
269,0.016323297788005415,0.7750297086510547,0.7727908164581477
270,0.016308525481331968,0.775054890796871,0.7727892492774536
271,0.01631623717633176,0.775059649603202,0.7727753773293693
272,0.016345873101521354,0.7750441630038747,0.7727497546714102
273,0.016396398799621254,0.7750091026704755,0.7727131600152062
274,0.01646637487479286,0.7749555900210532,0.7726665428094864
275,0.01655392545059637,0.7748851478856528,0.7726111014724927
276,0.016656827789724847,0.7747996637720163,0.7725481938369292
277,0.01677252314331064,0.7747013768487749,0.7724793286928392
278,0.01689817495619453,0.7745928233491194,0.7724061295578164
279,0.017030790378650726,0.7744766907694225,0.7723302922411801
280,0.01716726871163421,0.7743558113684587,0.7722535227905194
281,0.017304422630925475,0.7742331274244315,0.77217753503451
282,0.01743904288975754,0.7741115903244579,0.7721040487154226
283,0.01756807831053824,0.7739940242678857,0.7720346688605099
284,0.017688600648931168,0.7738832014950068,0.7719708686102363
285,0.017797897937344816,0.773781646140827,0.7719140357721711
286,0.017893542520490344,0.7736916490769097,0.7718653740916318
287,0.01797345778627718,0.7736152046852834,0.7718258729208004
288,0.018035957099026757,0.7735539479054869,0.7717963139695978
289,0.018079757540174102,0.7735091659949888,0.7717772466340365
290,0.01810401428189503,0.7734817031589071,0.7717690288503714
291,0.01810838081156729,0.7734720072779421,0.771771709132677
292,0.018092936515141676,0.7734801058170019,0.7717851455376895
293,0.01805828704493793,0.7735055726144417,0.7718089023628916
294,0.018005445151343315,0.7735475771479288,0.7718423653523042
295,0.017935809483695008,0.7736049517786472,0.771884710043491
296,0.017851245784427365,0.7736760938452178,0.7719348777112308
297,0.017753881511518136,0.773759159476315,0.7719916762942258
298,0.017646142235347193,0.7738520022715817,0.7720537825933184
299,0.01753070022521565,0.7739522459086798,0.7721197439423068
300,0.01741034783457935,0.7740573691269462,0.7721880688847209
301,0.017287980078637404,0.7741647703148603,0.7722571917799678
302,0.017166479820724445,0.7742718165966345,0.7723255800145297
303,0.017048730796041977,0.7743758662367324,0.7723916962730988
304,0.01693744887943217,0.7744744048768013,0.772454103975228
305,0.01683520178991442,0.7745650447673508,0.7725114430988862
306,0.016744268500195777,0.7746456433933631,0.7725625161146504
307,0.01666667863502475,0.7747142744202221,0.77260626388856
308,0.0166041135062076,0.7747693546244702,0.7726417920719306
309,0.01655787010517888,0.7748095913493859,0.7726684656632926
310,0.016528847495672818,0.7748341362864324,0.7726858020616094
311,0.016517540421140495,0.7748424639304574,0.7726935835017343
312,0.016524034236081116,0.7748344580197081,0.7726917934938337
313,0.016547948858993453,0.7748104325267189,0.7726806728254499
314,0.016588542129008066,0.7747710433031245,0.772660657814851
315,0.01664465563767695,0.7747173550404067,0.7726323929883816
316,0.0167147696938925,0.774650758049392,0.7725967258139408
317,0.0167970366240733,0.7745729348151071,0.772554687797342
318,0.016889341230765853,0.774485849479601,0.7725074205108803
319,0.01698932572789735,0.7743916653430862,0.7724562087820156
320,0.017094491819068247,0.7742927119671055,0.7724023718063028
321,0.017202172656065128,0.7741914303707059,0.7723473443060503
322,0.01730967741381213,0.7740902866758841,0.7722925593968635
323,0.017414336886307672,0.7739917362806076,0.7722394191709646
324,0.01751359055402975,0.7738981519267366,0.7721892425381313
325,0.01760497361275381,0.7738117541305664,0.7721433447941602
326,0.017686257187299784,0.7737345881122449,0.7721028745753991
327,0.017755472263311874,0.7736684615587568,0.7720688389558783
328,0.017810952535193724,0.7736149122249084,0.7720420778176176
329,0.01785138452022581,0.7735751237054157,0.7720232741743713
330,0.017875834087131285,0.7735499806310426,0.7720128726107491
331,0.017883754817573056,0.7735399765071488,0.7720111514063505
332,0.01787505787663833,0.7735452330779675,0.7720181134373508
333,0.017850029560709975,0.7735655001423848,0.7720335969768535
334,0.017809390886314065,0.7736001554137808,0.7720571959902905
335,0.017754201088507726,0.7736482491171631,0.772088348571647
336,0.017685912355020796,0.7737084782781514,0.77212628494558
337,0.017606285913837408,0.7737792714909362,0.7721700624549631
338,0.01751739795098553,0.7738587639347804,0.7722185772501456
339,0.01742149893462427,0.7739449124972122,0.7722706476787239
340,0.017321012962685928,0.7740355236627939,0.7723249882546611
341,0.017218459920505292,0.7741282896098847,0.7723802792818774
342,0.01711640216872334,0.774220875248784,0.7724351601635057
343,0.017017387102818048,0.7743109247660604,0.7724882988227202
344,0.016923838825327917,0.7743962007087707,0.7725384146602986
345,0.016838054515553633,0.7744745704790239,0.7725842960022664
346,0.016762153863855413,0.7745440705757854,0.7726248133601914
347,0.01669793318359184,0.774603000122158,0.7726590338171543
348,0.0166469477004839,0.7746498876377645,0.7726861440481694
349,0.016610364818370624,0.7746836147976869,0.7727055408275175
350,0.016589048109243117,0.7747033316749841,0.7727167955059724
351,0.01658343931944185,0.7747085860404386,0.7727197015195186
352,0.01659359457697216,0.7746993322231279,0.7727142210888318
353,0.016619182095822613,0.7746757888329219,0.772700608623709
354,0.016659469877122697,0.7746386286529278,0.7726792660919342
355,0.01671339020536597,0.7745887951319634,0.7726508119133967
356,0.016779523322201263,0.774527586436504,0.7726160290116548
357,0.016856133244623435,0.7744565554172058,0.7725758998388096
358,0.016941258145825134,0.774377493188165,0.7725314988839972
359,0.017032729643253423,0.7742923868448796,0.7724840003868394
360,0.017128135641151176,0.7742034320333974,0.7724347140019977
361,0.017225051114185676,0.7741128189851952,0.7723849628924557
362,0.017321001769524082,0.7740228083226862,0.7723360655864938
363,0.017413503219734516,0.7739356694618336,0.7722893370899675
364,0.01750017296018106,0.7738535443911783,0.7722460599293212
365,0.017578793878907557,0.7737784633533128,0.7722073876385539
366,0.017647343338419656,0.7737122673557675,0.7721743757173963
367,0.017704072126589247,0.7736565492792664,0.7721479306537118
368,0.0177474918822766,0.7736126687247405,0.7721288158840605
369,0.017776511791862886,0.7735816440875862,0.772117566916646
370,0.017790353400903864,0.7735642046448217,0.7721145609353831
371,0.017788706212220465,0.7735606662282285,0.772119920687157
372,0.017771564830146407,0.7735710751549224,0.7721336053491904
373,0.017739416863627146,0.7735950493931962,0.7721553007739757
374,0.017693062310832616,0.7736319260699872,0.772184529790871
375,0.017633682580655462,0.7736806798610099,0.7722206317268885
376,0.017562845283396154,0.773739965275623,0.7722627170403281
377,0.017482346607602613,0.7738082232991929,0.7723097818539875
378,0.017394259332777936,0.7738836432317471,0.7723606757909501
379,0.017300822913015084,0.7739642528948962,0.7724141669369151
380,0.017204485894186154,0.7740478977819084,0.7724689018044592
381,0.017107664630875426,0.7741324189271807,0.772523568621179
382,0.01701286704425381,0.7742155943714772,0.7725767830097969
383,0.016922509349003318,0.7742952436875818,0.7726272395239235
384,0.01683891046713655,0.7743692925183313,0.7726736629022616
385,0.0167641776009755,0.7744358365268387,0.7727149051323589
386,0.016700247291120088,0.7744931154926895,0.7727499149108206
387,0.01664869568121291,0.774539642636938,0.772777878346024
388,0.016610856560112464,0.7745742135017747,0.7727980576710435
389,0.01658768568898551,0.774595912699394,0.7728099666889058
390,0.016579754426380613,0.7746041786456044,0.7728133252969382
391,0.016587270898130526,0.7745987782515638,0.772808054727591
392,0.016610003650886215,0.7745798770965909,0.7727943186350301
393,0.01664737356308419,0.774547913945337,0.7727725096173135
394,0.01669839048656903,0.7745037437997176,0.7727432091711177
395,0.016761746797143002,0.774448493298318,0.7727071870594455
396,0.016835789316283153,0.7743835849306636,0.7726654157324186
397,0.01691861377443639,0.7743106809340629,0.772618991879988
398,0.01700807154988988,0.7742316704576722,0.7725691364167259
399,0.017101833326004137,0.7741485704001083,0.7725171944702043
400,0.017197456138673652,0.7740635245519117,0.7724645459652347
401,0.01729244814086777,0.7739787135368141,0.7724125972725131
402,1.0115866730866738,-0.2261045109708164,0.7723621781100422
403,0.9656506422059075,-0.1802332498052984,0.7793041804020907
404,0.9216271117527673,-0.13622086550826507,0.7892580437891088
405,0.8725372948415531,-0.08693352745551226,0.8043389137265688
406,0.8144305753754727,-0.028075966187126176,0.824857035695608
407,0.745275998066013,0.04292761536702477,0.8500031059382034
408,0.6645403038462362,0.12735988884903732,0.8781313541405581
409,0.5731445992516633,0.2252658387719694,0.9068333747696317
410,0.4736830105553966,0.3353484331390174,0.9331507768536493
411,0.3709585460341879,0.45492305614718687,0.9539106150552616
412,0.2735099779636027,0.5800704849325757,0.9660864377870068
413,0.1984049231516579,0.7059584813560652,0.9672053427055802
414,0.17544595132450366,0.8272287848087851,0.9557844332330824
415,0.2115960501363395,0.9383299489733098,0.9316334443452381
416,0.2716008198473506,1.0334665447976812,0.8959833499787513
417,0.32834558487201454,1.1069864389501876,0.8516688517291741
418,0.37053644687636356,1.1555099716568178,0.8031325325923163
419,0.3949516574279368,1.179222967271563,0.7555848180871785
420,0.40255726325581503,1.1815117127267427,0.7136597062230694
421,0.3961638889431646,1.1673887877158702,0.6803791658998796
422,0.37916269118567003,1.1419596596298944,0.656447607789343
423,0.3547654733851784,1.1093890411172487,0.6408697846596965
424,0.32531847393180635,1.0727603069753018,0.6329019079691248
425,0.29484182478023024,1.0350844539623194,0.6285910910324215
426,0.2646835160475618,0.9971805249772202,0.6266354631464301
427,0.23792586553677267,0.9618344321525458,0.6257768598092323
428,0.21382161081628115,0.9282353614551252,0.6262843170386189
429,0.19216668471202744,0.8962339173008982,0.6284157746722615
430,0.17298171634070814,0.8659703854797195,0.6323269668355138
431,0.15631359099632075,0.837651787246834,0.6380770938765818
432,0.14216191768919964,0.8114669002212225,0.6456468421103722
433,0.13045967536605407,0.7875590463944773,0.6549563852690842
434,0.12107863624049207,0.766021325465131,0.6658800714381047
435,0.11384760946518054,0.7468998467108803,0.6782573318100605
436,0.10859498637145368,0.7303319943964095,0.6918001500821794
437,0.10521869632574221,0.7164487642989571,0.7059188930155069
438,0.1033094890646773,0.704909652108423,0.7206335891204476
439,0.10254416509440369,0.6955522553310584,0.7359712618292321
440,0.10273585159357984,0.6882940071362676,0.7518506144636994
441,0.10375826876881034,0.6830944191174663,0.7680856752979078
442,0.10545082353854968,0.6799531779991581,0.7842885511621537
443,0.10755498293450932,0.678875976488576,0.8002675295639623
444,0.10979603195465606,0.6798774524738639,0.815738700623562
445,0.11183650455584045,0.68294292151754,0.8302348354706297
446,0.11318853179811449,0.68801568489658,0.8430895545372077
447,0.11322271482156646,0.6950003183036362,0.853571565497981
448,0.11126418227265017,0.70377366506127,0.861010064102091
449,0.10667658286685994,0.7141934292749186,0.864832281827062
450,0.09891702507632617,0.7260984778895192,0.8645696554170588
451,0.08758046976910226,0.7393002785239067,0.8598650936092029
452,0.07245815400740716,0.7535630407191114,0.8504881706659713
453,0.0536701225582796,0.7685660330294753,0.836360516587782
454,0.032238515598162286,0.7838328927937817,0.8175986574295319
455,0.016138274036827962,0.7987086276792154,0.7945237006140486
456,0.03200295426372447,0.8121562595368367,0.7678427262738308
457,0.05910678284673927,0.8223672826214624,0.7392798806638922
458,0.08511298382735161,0.8278148227677412,0.711607601508684
459,0.1064314355740553,0.8281613266873088,0.6879355431587177
460,0.12118329370214184,0.8241278895607117,0.670570470814961
461,0.128689916564872,0.8168082845915997,0.6606003312366193
462,0.12916432480582274,0.8073219979900748,0.6581080684202694
463,0.12351181460961173,0.7968248064597336,0.6624160501594403
464,0.11301250415641091,0.7863547811496513,0.6723897080581288
465,0.0988767859937977,0.7763868291288576,0.6869328666520315
466,0.0824892089280359,0.7673309344355759,0.7049118612882543
467,0.06551303964093606,0.7594634586972399,0.7252371340253718
468,0.05035764094974485,0.7529093213582927,0.7469226238303647
469,0.0410976520041392,0.7476650240488372,0.7691123660527794
470,0.04214206748156393,0.7436408850140197,0.7910800252075891
471,0.05212687397832005,0.7406983229127001,0.8122148606472911
472,0.06599365271051981,0.738678371400963,0.8320074246432764
473,0.08049955094212638,0.7374180454969468,0.8500362789960483
474,0.09410377169631305,0.7367604257172934,0.8659580189138794
475,0.10602090343378624,0.7365608617385235,0.8795010322782184
476,0.11580494868045366,0.7366909420930009,0.8904619189541677
477,0.12319317121693012,0.7370409746278239,0.8987036783946574
478,0.1280436637966968,0.7375216629634902,0.9041543023742554
479,0.13030719604142926,0.7380652017350423,0.9068047368621692
480,0.13001220330087282,0.738625661914103,0.9067056492016555
481,0.12725473214663124,0.739178449179405,0.90396251247133
482,0.12219066870254,0.7397184617632774,0.898729202290538
483,0.1150299519273297,0.7402569916810335,0.8912006418961722
484,0.10603378144092496,0.7408180881705048,0.8816051262401755
485,0.09551785888258447,0.7414341249885795,0.8701968938849788
486,0.08386761070970009,0.7421415077153988,0.8572496620969077
487,0.07157810062650014,0.7429768450969725,0.8430510578863384
488,0.05934825755621576,0.7439740989046245,0.8278983111131127
489,0.04828696943151457,0.7451621794284723,0.8120945491252641
490,0.04024125511779959,0.746563803512177,0.7959457273700945
491,0.03762877829440276,0.748194537240406,0.7797576708040347
492,0.04139675618266403,0.7500621279683959,0.7638330057907048
493,0.04968097807950395,0.7521662350636084,0.748467978965866
494,0.06001567750091733,0.7544978974277682,0.733948623954445
495,0.0707810597551226,0.7570393374210326,0.7205465218661994
496,0.08104525150502837,0.7597636032245536,0.7085138209325774
497,0.09023864110257956,0.7626351315022037,0.6980777377973847
498,0.09798250161919476,0.7656107114683369,0.6894344860517535
499,0.10401370229804534,0.768641260664412,0.6827431271033533
500,0.10815259987862187,0.7716741282269098,0.6781198537577867
501,0.11028899996660094,0.7746559778617219,0.6756335563351127
502,0.1103755499089165,0.7775353067320181,0.6753030340648815
503,0.10842320409904825,0.7802645684302233,0.6770965595782233
504,0.10449668163696815,0.7828013394022588,0.6809337532939308
505,0.09870901713730539,0.785108609383203,0.6866895709513715
506,0.09121524322152694,0.7871540782553713,0.6941998226286928
507,0.08220564502800125,0.7889091150189873,0.7032675278636783
508,0.0718991666159392,0.7903470725372481,0.7136695187818375
509,0.060537957897762375,0.7914423941688493,0.725162695267672
510,0.04838439021456879,0.7921707990722026,0.7374901199970681
511,0.03572698558643925,0.7925085885679124,0.7503858890784488
512,0.022924555668438835,0.7924333408685966,0.7635797874142364
513,0.010793811894845077,0.7919254523556286,0.776801601638366
514,0.007091432478793179,0.7909696665847932,0.7897852771222893
515,0.017379894545187912,0.7895566535750207,0.8022732246964447
516,0.028713847856977077,0.7876850147450662,0.8140208007613867
517,0.039403039993346635,0.7853626576655214,0.8248011873938407
518,0.04909165253070487,0.7826079302842931,0.8344104572365425
519,0.057582592777488485,0.7794507511584826,0.8426727937204619
520,0.06474298980971743,0.7759326935588161,0.8494454866064249
521,0.07048938224463715,0.7721069301651134,0.8546231309192481
522,0.07478552552472377,0.7680371479338121,0.8581406542132053
523,0.07764213751683138,0.7637964551624142,0.8599747530185285
524,0.07911605082869397,0.7594654183567633,0.8601433454052761
525,0.07930831006693019,0.7551298549909565,0.8587032624825859
526,0.07837138473060216,0.7508752519075997,0.8557561233370041
527,0.076481508285786,0.746791672594771,0.8514205836618671
528,0.07384533664782879,0.7429682480515174,0.8458368598457363
529,0.07070001083996341,0.7394894368635296,0.8391650710712658
530,0.06730734342014658,0.7364330769441345,0.8315793152550737
531,0.06394524755769812,0.7338685770439617,0.823262347205552
532,0.060892918112590705,0.7318556615137795,0.8144007144628976
533,0.05840708608088704,0.7304432673138175,0.8051806582071908
534,0.05668919060274136,0.7296685865295289,0.7957846254185894
535,0.05585033800650952,0.7295566069006153,0.7863885287100337
536,0.05588906462762991,0.7301196732100692,0.7771594700814407
537,0.05669531548045652,0.7313571539350585,0.7682538321560615
538,0.058080210511768246,0.7332555157235247,0.7598158424189995
539,0.05981777490150944,0.7357882905864914,0.7519762138156489
540,0.0616816092346169,0.7389163787889703,0.7448510967047387
541,0.06346846379352139,0.7425885472676027,0.7385411184295376
542,0.0650092864345816,0.7467419574400896,0.7331305341828402
543,0.06617155194350313,0.7513031623876398,0.7286865667636654
544,0.06685734855078117,0.7561891329351417,0.7252588451880382
545,0.06699955495892276,0.761308722926227,0.7228790525394299
546,0.06655785314474084,0.7665640808558866,0.721560673236458
547,0.06551467605829306,0.7718527955952034,0.7212990542762991
548,0.06387188449802608,0.7770697655606048,0.7220715858900506
549,0.061647770702547115,0.7821096325614156,0.7238381666663382
550,0.05887448985652116,0.7868689891515166,0.7265420487833593
551,0.05559609111435556,0.7912489800883193,0.7301107933094657
552,0.05186703737764338,0.795157815883092,0.7344576220802094
553,0.04775133355300153,0.7985129215175932,0.7394831007759065
554,0.04332274364163838,0.8012431953176891,0.7450770141072102
555,0.03866657258589351,0.8032908747093711,0.751120550915708
556,0.033884295268788174,0.8046129243919058,0.7574886950078803
557,0.029103885473800856,0.8051822105601524,0.7640527276432638
558,0.024501060120364293,0.8049880356871896,0.7706829042868063
559,0.02034115084386642,0.804036485356318,0.7772510551859144
560,0.017043346448693,0.802349887191789,0.7836333068677104
561,0.015193738273070474,0.7999664890544955,0.7897125081056033
562,0.015259207699902194,0.7969391415863519,0.7953806100951274
563,0.017096085668447353,0.7933340287227025,0.8005407585093278
564,0.020079817955165086,0.7892290174261978,0.8051091665815326
565,0.0236282838071835,0.7847118968425564,0.8090164790420586
566,0.027373204772778298,0.779878086381574,0.8122090024233212
567,0.031102129590597934,0.7748286554381043,0.8146492824626689
568,0.034689688765633,0.7696681627267359,0.8163164684214284
569,0.038057611063862636,0.7645021201045189,0.8172059790185855
570,0.04115442466382276,0.7594349458686015,0.8173293081461109
571,0.043944458356439876,0.754567872819712,0.81671283413072
572,0.04640215509724448,0.7499969411603297,0.8153967210592238
573,0.048508856470442015,0.745811026063734,0.8134332791238295
574,0.05025099943726288,0.7420903088271722,0.8108852714515923
575,0.0516192455522726,0.7389049063335043,0.8078241206562106
576,0.05260825469870323,0.7363136506296537,0.8043280093765323
577,0.05321668722699472,0.7343632806168495,0.800479825739058
578,0.053447808615163524,0.7330876787239892,0.7963654528980928
579,0.05331002858590167,0.7325074993955517,0.7920717538305012
580,0.0528178084826851,0.732629886742132,0.7876850546807427
581,0.051992325960299575,0.7334486175818836,0.7832894556608025
582,0.05086248480180849,0.7349440909416665,0.7789655175311723
583,0.0494655773968382,0.7370836777052343,0.7747890249074746
584,0.04784744916114605,0.7398224631823044,0.7708299122626076
585,0.04606254930549031,0.7431037816577833,0.7671514178854337
586,0.0441730208649788,0.7468602186955732,0.7638092173719224
587,0.04224681434025037,0.7510146411099965,0.7608509289909435
588,0.04035427766316256,0.7554816353951004,0.7583155291459514
589,0.038563153845964676,0.7601689287563664,0.7562330720385518
590,0.03693177951143126,0.7649791843506888,0.7546244468105787
591,0.035501369357838666,0.7698117829011981,0.7535012674778169
592,0.03428848128008532,0.7745650111898603,0.75286598299493
593,0.03328018789752662,0.7791382915558858,0.7527120056082267
594,0.032433614677293165,0.7834342637448366,0.7530240617235856
595,0.0316803771095288,0.7873612611839663,0.7537786671825728
596,0.03093502033868892,0.7908355803816735,0.7549447566931934
597,0.030104982868660347,0.7937834440898881,0.7564845496276109
598,0.02910015136118378,0.7961430297496429,0.7583543719414175
599,0.027840308976993276,0.7978661303192428,0.7605057427684397
600,0.02626009595909873,0.798919267492238,0.7628865578607715
601,0.024312017359613473,0.799284746359832,0.7654422870267403
602,1.013710665723572,1.7989615294609502,0.7681176316998772
603,0.8666369757001656,1.6497803947917606,0.7229241231845814
604,0.7601023674684778,1.5397607073436967,0.6921631843277387
605,0.6743577315566056,1.4496034172971661,0.6688231626374984
606,0.6002623468652901,1.3701382693864248,0.649774074415342
607,0.5335377124537662,1.296866233370155,0.6335334077469283
608,0.4727211560260315,1.2280982773980529,0.6196215051537761
609,0.4177438807077899,1.163740058014947,0.6082898331415124
610,0.3678246896246615,1.1028760962677508,0.5996489657198318
611,0.3226379268563214,1.0452476191995905,0.5941561905842723
612,0.2816794720644472,0.9905138652248985,0.5923415037186425
613,0.24438695449518658,0.9382455650348641,0.5947082178310318
614,0.2104844081261854,0.8882056275005863,0.6017291366430372
615,0.1802061240429822,0.8403186333740787,0.6137648649960579
616,0.15466471177409796,0.79467798919753,0.6310120956928625
617,0.13619891861888553,0.7515894218645843,0.6534621393974891
618,0.1277196548085535,0.7119203489496687,0.6809313217279801
619,0.13072353773159906,0.6766671247847208,0.7128295437381054
620,0.14342281028395676,0.6469164445518547,0.7480763727743039
621,0.16169837661082495,0.6237000282741735,0.7851187063679318
622,0.1814587368466677,0.6076392933081503,0.8218544013076367
623,0.19959036286091508,0.598695710034873,0.8559566983549369
624,0.2139644861767575,0.596169356058965,0.8852643729887762
625,0.22326349631057957,0.5988796383799947,0.9081068778807225
626,0.2267953478499473,0.6055136693682285,0.9235202058607357
627,0.22441519732708964,0.6148643124821165,0.9312761483141038
628,0.2165228325380947,0.6258085481346778,0.9317309748602255
629,0.2039780683509674,0.6373607251383056,0.9257262405661405
630,0.18783632682472554,0.6487949283008361,0.9143246612019912
631,0.16931313889158423,0.6595963124718422,0.8987155641133687
632,0.1497038994099786,0.6694490837305527,0.880092769489627
633,0.13034590957475306,0.6782092008358782,0.8595640750270105
634,0.11261987209110357,0.6858673568424033,0.8380940279061433
635,0.09795104203354645,0.6925087308749985,0.816478059811607
636,0.08768848515377772,0.6982753661437509,0.7953424395025969
637,0.08269834721421826,0.7033358335843738,0.7751614325905164
638,0.08282100657001741,0.7078636661136719,0.7562825170844615
639,0.08683872682248794,0.7120240828749633,0.7389524016572143
640,0.09312345518987963,0.7159667308450464,0.7233396903238801
641,0.10026315515931877,0.7198222844292973,0.7095528973615509
642,0.10699236781463897,0.723749452229794,0.6979521618767948
643,0.11264855627887209,0.7278699703829796,0.688546708890021
644,0.11703793240363088,0.732230283999298,0.6811338156000318
645,0.12010341859492224,0.7368446360051774,0.6755465082621928
646,0.12185720270777353,0.7417059994195774,0.6716432836836784
647,0.12234881829262277,0.7467926722542306,0.6692997164173436
648,0.12164968951236337,0.7520724700715729,0.66840224414039
649,0.11984582504416812,0.7575055397982637,0.6688433551342472
650,0.11703397349060404,0.7630463641120041,0.670518452309273
651,0.11331967815095302,0.7686453741818577,0.673323663578205
652,0.10881613332784444,0.7742503243619941,0.6771545651698264
653,0.10364349726738342,0.7798076051793937,0.6819055540737644
654,0.09792861706462748,0.7852632114017802,0.6874696393191732
655,0.09180491640962125,0.790563969507081,0.6937387005787342
656,0.08541278851860346,0.7956583364494134,0.7006038635214106
657,0.07890026323037391,0.8004973345463693,0.7079561427081746
658,0.07242404300514031,0.8050352470919763,0.7156871388089048
659,0.0661504082458642,0.8092302066271231,0.7236898963127747
660,0.060255384499317256,0.8130447761357171,0.7318596149929505
661,0.05492178202047138,0.8164462864461034,0.7400945631491265
662,0.050330111032171075,0.8194071671626955,0.7482968461781625
663,0.04663903457202571,0.8219051087680459,0.7563733036127945
664,0.043954676078926454,0.8239232454261272,0.7642361312670759
665,0.04229626367042653,0.8254501896058889,0.7718037116954991
666,0.04157693161237481,0.8264800434948888,0.7790012602436079
667,0.041615740565382336,0.8270123182673402,0.7857614501572632
668,0.04217755049197379,0.8270518727281121,0.792024947270457
669,0.04301923320656749,0.8266087474725758,0.7977408610712909
670,0.04392312864266816,0.8256979941440409,0.8028671322152224
671,0.044712578514866756,0.8243394264589318,0.8073707078250849
672,0.0452544844970602,0.8225572819732301,0.8112277641254048
673,0.045455526709386455,0.820379920320148,0.8144236968297368
674,0.045256353226039374,0.8178394299566,0.8169529052179435
675,0.0446261011810981,0.8149711653769379,0.8188186131333017
676,0.043557798959230586,0.8118132016791939,0.8200323604106123
677,0.04206523055487876,0.8084058902333374,0.8206136163617396
678,0.040180652896442584,0.8047912378661186,0.8205889793845351
679,0.03795399247333746,0.8010122860308937,0.8199915835673864
680,0.035453291519266676,0.7971126389769089,0.8188601857727968
681,0.032766889338718776,0.7931357624316716,0.8172383675130225
682,0.03000775607335686,0.7891245698101014,0.8151736452542684
683,0.027319756083708582,0.7851207650067713,0.8127165111257825
684,0.024884274626972316,0.7811644770300563,0.8099196442551195
685,0.02291951103801726,0.7772937439052416,0.8068369686560474
686,0.02165692054287931,0.7735442247501926,0.8035229074217838
687,0.021279556451362,0.7699488319409981,0.8000316072954321
688,0.021843119242533154,0.7665375409653601,0.7964162748380598
689,0.02324700139114978,0.7633371267015355,0.7927284931022918
690,0.025287460304647454,0.76037109710112,0.7890177768102746
691,0.027738706275439076,0.7576595384791802,0.7853309809687832
692,0.03040331956602893,0.7552191320454661,0.7817119855273295
693,0.03312631211963276,0.753063077060548,0.7782013067063274
694,0.03579096881848293,0.7512012112485555,0.7748358761123969
695,0.03831047181773218,0.7496399980022068,0.771648768557536
696,0.0406203243563652,0.7483826507692037,0.7686690697075742
697,0.042672755773254314,0.7474292871903023,0.765921805297171
698,0.044432992078539305,0.7467769717382561,0.7634278575307681
699,0.04587658332672999,0.7464199269374845,0.7612039909543671
700,0.046987624063418915,0.7463497087919799,0.7592628423156276
701,0.04775750832657461,0.7465553252093868,0.7576130320668442
702,0.0481838783191591,0.7470235197184556,0.7562593087118935
703,0.048269943696730225,0.7477389274895109,0.7552026436086481
704,0.0480238522587078,0.7486843131194253,0.7544403924258634
705,0.047458085536819364,0.7498407811505057,0.7539666115654933
706,0.04658905714499742,0.7511880105705754,0.7537721347308288
707,0.04543649421919352,0.7527045671436723,0.7538449738451084
708,0.04402311358683438,0.754368051374186,0.7541705045402249
709,0.04237415789397958,0.7561553897737421,0.7547317412387323
710,0.04051689871548604,0.7580431009274824,0.7555097101289163
711,0.03848028390845489,0.7600075424078703,0.756483658120012
712,0.03629445712453207,0.7620251431327905,0.7576314649679916
713,0.03399037395069841,0.7640726395622968,0.7589299266888063
714,0.031599402093270314,0.766127344615192,0.7603550454583095
715,0.029152951910409088,0.7681672775398002,0.7618823989478003
716,0.026682084589827047,0.7701714861333055,0.7634873912167988
717,0.0242171811769993,0.7721201426167559,0.7651456073042755
718,0.021787596565976147,0.7739947804129883,0.7668330827180797
719,0.019421387830110305,0.775778414493141,0.7685265678515126
720,0.017145024701133424,0.7774556924447515,0.7702037885446271
721,0.014983102371276194,0.779012994382339,0.771843718616616
722,0.012958139004922582,0.7804385535829114,0.7734267124846121
723,0.011090196411536274,0.7817225034655441,0.7749347996691128
724,0.009396543422521116,0.7828569281968945,0.7763517745075768
725,0.007891024479665599,0.7838358713491215,0.7776633388425914
726,0.006582967287745033,0.7846553424798829,0.7788572402671899
727,0.005475473115536697,0.7853133370342388,0.7799233473889353
728,0.004563128040829237,0.7858097173594687,0.7808536325247016
729,0.003829648624562593,0.7861461818811946,0.7816422777581365
730,0.0032479719312276875,0.7863261820722983,0.7822855916303765
731,0.002785576352072667,0.7863547997447424,0.7827820054296906
732,0.0024170419733185724,0.7862386239889267,0.7831319511622515
733,0.0021424076439086545,0.7859856278453798,0.78333787311812
734,0.0020048927492034574,0.7856050000691761,0.7834039684403197
735,0.002082449658807891,0.7851070023700324,0.7833361687714652
736,0.0024274374244134663,0.7845028013098653,0.783141887886443
737,0.00302262815349037,0.7838042511381567,0.7828299491026605
738,0.003816388593443235,0.783023833054936,0.7824102916932433
739,0.004761640628577727,0.782174325928484,0.7818938669702857
740,0.005823155714835297,0.7812687646573304,0.7812924102966966
741,0.006973764477908519,0.7803202148100186,0.7806182231115494
742,0.008190675915453359,0.7793416311538989,0.7798840370718338
743,0.009453532002137695,0.778345690532229,0.7791027766896449
744,0.010743432708291893,0.7773447244555876,0.7782873640353992
745,0.012042631856479758,0.7763504443537415,0.7774506001144762
746,0.01333436012401894,0.7753739860871034,0.7766049257020489
747,0.014602858839478185,0.774425735158935,0.7757623289843628
748,0.01583345869318447,0.7735152385802312,0.7749342008603811
749,0.017012698316151532,0.7726511378869989,0.7741311653663693
750,0.01812831431038653,0.7718411480358165,0.7733630849091024
751,0.019169484646018125,0.7710919519572145,0.7726387960220159
752,0.020126794112622554,0.7704091949224032,0.7719661618598515
753,0.02099225963390147,0.7697974802617576,0.7713520375886387
754,0.021759442153268936,0.7692603512096851,0.7708021248727684
755,0.022423379472769206,0.7688003367115206,0.7703210251980513
756,0.022980651177909598,0.7684189117307595,0.7699121909901371
757,0.023429311456213554,0.7681165713908553,0.7695779480692702
758,0.02376886075489499,0.7678928575205411,0.7693195127158299
759,0.024000204444250103,0.767746378828303,0.7691370344424745
760,0.024125565972194056,0.7676749156419768,0.7690296135998376
761,0.024148413776691125,0.7676754548073058,0.7689953743614588
762,0.024073309722868166,0.7677443056178802,0.7690315648958682
763,0.02390592034604487,0.7678770985147622,0.7691345440902908
764,0.02365280465104749,0.7680689331100692,0.7692999353736067
765,0.023321317398693128,0.7683144161788691,0.769522728720493
766,0.02291953229882089,0.7686077501377442,0.7697972985699765
767,0.0224560484441306,0.7689428598932208,0.7701175515540404
768,0.021939854527556348,0.7693134594441566,0.7704770536724547
769,0.021380286902699986,0.769713087598366,0.7708690524398292
770,0.0207867882983875,0.7701352543267459,0.7712866725314395
771,0.020168847941248475,0.7705735072886913,0.7717229303634449
772,0.01953585441050448,0.7710214823915649,0.7721708941855702
773,0.018896978394647806,0.7714730316228265,0.7726237163445537
774,0.0182610681905066,0.7719222307954515,0.7730747770136343
775,0.017636587881458648,0.7723634301379461,0.7735177189211654
776,0.017031423870377788,0.7727913821498431,0.7739465929537273
777,0.016452872329988738,0.7732012791670165,0.7743558347039002
778,0.01590756406334266,0.7735887223068144,0.7747404105594341
779,0.015401400224806499,0.7739498170756406,0.7750958095217254
780,0.014939475107263693,0.7742812311295445,0.775418096592492
781,0.014526097375735608,0.7745801189628813,0.7757039682487479
782,0.014164685564940958,0.7748442285846628,0.7759507946039099
783,0.01385787984942049,0.7750718335806809,0.7761565322407576
784,0.01360746265648354,0.7752617559868304,0.7763198218774587
785,0.013414325771040344,0.7754134134750011,0.7764399880878337
786,0.013278626375016348,0.7755266913014317,0.7765169496816972
787,0.013199712692140155,0.7756020089005693,0.7765512559022654
788,0.013176203286686434,0.7756402661879757,0.7765440245290177
789,0.013206016544528873,0.7756427878495141,0.776496954440619
790,0.013286458485957968,0.775611325704564,0.7764121861510813
791,0.013414233308797449,0.7755479859963099,0.7762923597300637
792,0.013585570921432772,0.7754551741322641,0.7761404800083
793,0.01379619952415457,0.7753356122918874,0.7759599333431288
794,0.01404155607576971,0.7751922037964809,0.7757543215461731
795,0.014316748467947522,0.7750280343387883,0.7755275144825484
796,0.014616682734790843,0.7748463282137321,0.7752835112321377
797,0.014936162869020737,0.7746503703503972,0.7750263792757229
798,0.015269893637565951,0.7744434917598997,0.7747602678811318
799,0.015612640400684464,0.7742289839697705,0.774489269264979
800,0.0159592462914244,0.7740101085001141,0.7742173875815379
801,0.016304741208233088,0.7737899997571789,0.7739484855518414
802,1.0118951772803841,-0.22642922660481912,0.7736856638990709
803,0.9130315134536641,-0.12686148556088922,0.8229331796076377
804,0.8388044163293508,-0.050323487863723745,0.8572464094924135
805,0.7765297619297244,0.014946112464331309,0.8823626330530305
806,0.7188605187094228,0.075957314985099,0.9013900939924098
807,0.6615735590352113,0.13682235675852056,0.9158933627619479
808,0.6024156636431406,0.19974221290001917,0.9265071264350895
809,0.54045298177932,0.26558276800171565,0.9333217254953646
810,0.4756716463462882,0.33424612722205566,0.9361474764724521
811,0.40870557401514845,0.4049420386514984,0.934707852883249
812,0.34063186308273535,0.4764145291236455,0.9287828902625097
813,0.2728146862016651,0.5471496421390892,0.9183097698339
814,0.2068245654621522,0.6155679489499125,0.9034409486039661
815,0.1445721340403088,0.6801936548723371,0.884560219280527
816,0.08937877354411446,0.7397844594728006,0.862261387207829
817,0.052515531546740955,0.7934101621670693,0.8372989237902627
818,0.06053883878613096,0.8404765206207531,0.8105243562478421
819,0.09533909435035051,0.8807024362652887,0.7828216376985153
820,0.132197886108589,0.9140658408621946,0.7550516666077446
821,0.16560118134148577,0.9407380139054758,0.7280110384839339
822,0.19424620379292898,0.9610222493449202,0.7024055846745342
823,0.21776337670934842,0.975306824484708,0.6788355588876958
824,0.2360949657580437,0.9840353355542081,0.6577889682199157
825,0.24933576510350158,0.9876921991532772,0.6396399840133468
826,0.25768499083036833,0.9867977129881673,0.6246506099980186
827,0.2614284089831834,0.9819056133706803,0.612975325210344
828,0.2609268443491218,0.9735994904298082,0.6046688669199554
829,0.2566011285334087,0.9624838648240018,0.5996973461809253
830,0.2489118161078678,0.9491697468653675,0.5979522761485482
831,0.23833599079833198,0.9342571347551966,0.599266352155695
832,0.22534346519789378,0.9183158719925997,0.6034295945477461
833,0.21037660102388336,0.9018685062052311,0.6102040610292471
834,0.1938359167254512,0.8853768446298163,0.6193360487781511
835,0.17607262704146545,0.8692330475812613,0.6305650849317352
836,0.15738827765060465,0.8537556013046489,0.6436295821652619
837,0.13804046505578488,0.8391894163906025,0.6582696021130389
838,0.11825361809123196,0.8257090914201274,0.6742273611442607
839,0.09823475445675804,0.8134250590186893,0.6912463705041868
840,0.07819690127912152,0.8023906708405323,0.7090698589458662
841,0.05840581157429663,0.7926104133678382,0.7274393653076254
842,0.039327426115571315,0.784048387079079,0.7460939072822883
843,0.022412063347250318,0.7766359724972448,0.7647699159171228
844,0.015277039203394627,0.7702797425381079,0.7832024226245156
845,0.025862817192427143,0.7648680719388964,0.8011271385017709
846,0.041382387146495385,0.7602775313435687,0.8182836588499426
847,0.05696713464593264,0.756378283275444,0.8344195973572206
848,0.07162364103423996,0.7530391069838938,0.8492952480181574
849,0.08495633016858434,0.7501317836054255,0.8626889163506853
850,0.09672298654389844,0.7475351441622833,0.8744022526314194
851,0.10675012280983863,0.7451389209038256,0.8842656611596316
852,0.114913539221923,0.7428467637129491,0.8921431861451082
853,0.12113478323472496,0.7405793074094494,0.8979366272986888
854,0.12538219809635187,0.738276234646961,0.901588608057527
855,0.12767266289167048,0.73589772448237,0.903084251772688
856,0.12807292834056205,0.733425046632467,0.9024514423240139
857,0.12670006824894658,0.7308601190274825,0.8997594724603799
858,0.12372119520503842,0.7282240688585015,0.8951162432959536
859,0.11935278264338746,0.7255550064819846,0.8886642434775543
860,0.11386014137820363,0.7229051116945787,0.8805756307073478
861,0.10755746695099386,0.7203370484062946,0.8710466310604603
862,0.10080812702743265,0.7179205245595219,0.8602917327584914
863,0.09402371682091695,0.7157287240170703,0.8485379174454633
864,0.08765711133638322,0.7138350583795875,0.8360192179897986
865,0.08218032047011378,0.712310310951622,0.8229717032550093
866,0.07803509823651554,0.7112203767532842,0.8096289810756758
867,0.07555285212357363,0.710624127690124,0.7962183781848899
868,0.0748657159591549,0.7105722371060074,0.7829576346218117
869,0.0758608648175113,0.7111057201840965,0.7700520338446386
870,0.07821458246231161,0.7122551524666398,0.7576921918077462
871,0.0814867249570343,0.7140400759214492,0.7460521382361817
872,0.0852196084701422,0.7164682495254183,0.7352877987869322
873,0.0890023785682825,0.7195352585215262,0.7255358116885727
874,0.0924978332400043,0.7232243366646445,0.7169126581901788
875,0.09544579187915588,0.7275060225142368,0.7095140464071483
876,0.0976558148388717,0.7323385240679329,0.7034144281442547
877,0.09899736811449701,0.7376679362802122,0.6986669446066675
878,0.09939049016677669,0.7434291216337947,0.6953033851412539
879,0.09879816452520755,0.7495465283864111,0.6933343942991469
880,0.0972200522462132,0.7559357363108341,0.6927498825233686
881,0.09468773220863985,0.7625048698760502,0.6935196362947667
882,0.091260944493549,0.7691566557414282,0.6955940798660516
883,0.08702492748338123,0.7757904930913957,0.6989052118072872
884,0.08208863975439185,0.7823045337286433,0.7033678383206902
885,0.07658405086705942,0.7885979483975223,0.7088809873964899
886,0.07066680838777427,0.7945730664213494,0.7153294902102356
887,0.06451842017181796,0.8001372998489241,0.722585868437528
888,0.058350385595263704,0.8052050230374963,0.73051231995567
889,0.05240951839868719,0.8096990011352847,0.7389629730347322
890,0.04698179700114573,0.8135518929609639,0.7477862402729749
891,0.04238562787518752,0.8167071249721825,0.7568273675477403
892,0.03893743839894849,0.8191198535071771,0.7659309672661271
893,0.036872298110435145,0.8207573384634934,0.7749437333989466
894,0.03624037909667723,0.8215995253209868,0.7837169519438065
895,0.03685707101334588,0.8216391000525968,0.7921092135418247
896,0.0383660471971643,0.8208815010570655,0.7999887879923253
897,0.040364229995053354,0.8193448984271459,0.8072359802278246
898,0.042497205933483176,0.817059790762198,0.8137451890750852
899,0.044496557526453304,0.8140686987438421,0.8194267401331295
900,0.04617996055418115,0.8104255150161486,0.8242082191528793
901,0.047438767953327264,0.8061944140431112,0.8280356195130797
902,0.04822524787050091,0.801449202410228,0.8308738566717842
903,0.0485422953917298,0.7962716031520257,0.8327069654304899
904,0.048436207592040155,0.7907501902589449,0.8335377730175213
905,0.047990830903372285,0.7849784464103438,0.8333871588906528
906,0.04732206904629148,0.7790530186323977,0.8322929110429206
907,0.04657091674136757,0.7730720349716275,0.8303082607493976
908,0.04589331828054965,0.7671329310987134,0.8275001580280247
909,0.0454452807140868,0.7613308879395547,0.8239473500453663
910,0.045363472242144036,0.75575695882346,0.8197382799561722
911,0.04574451695597455,0.7504965567133473,0.814969072791712
912,0.04662891674344112,0.7456280362818116,0.8097413937885214
913,0.04799576895083263,0.7412215864888595,0.8041604630918154
914,0.04977015612233727,0.7373382399297234,0.7983330849943598
915,0.051839327690767927,0.7340292391487331,0.7923659117396732
916,0.054071437628595106,0.7313353464201066,0.7863636620755948
917,0.056331083590873916,0.7292867960180962,0.7804277077501852
918,0.058490539457187726,0.7279027811024925,0.774654596915608
919,0.06043569161320321,0.7271918386118597,0.769134812705762
920,0.06206941167521981,0.727151605338319,0.7639517105445311
921,0.06331228459817739,0.7277693478001701,0.7591805167849943
922,0.06410266617440975,0.7290221861300179,0.754887493168658
923,0.064396002666886,0.7308776516600087,0.7511292422098576
924,0.06416406464837157,0.7332942298956411,0.7479521047818922
925,0.06339398452976944,0.736222101001572,0.7453917618872208
926,0.06208726016999389,0.7396040005940928,0.7434729618051329
927,0.06025885491537719,0.7433761123620638,0.7422093127240161
928,0.057936199855465186,0.7474691040868431,0.7416033039558997
929,0.0551580651498715,0.7518094514593054,0.741646471071163
930,0.051973750702104735,0.7563204143782827,0.7423196853135727
931,0.048441983741921164,0.7609235537979833,0.7435936268756026
932,0.04463011907428681,0.7655400037410803,0.7454294128084291
933,0.04061351287407264,0.7700918254589074,0.7477793722568009
934,0.03647533106817058,0.774503364418743,0.7505879187596085
935,0.03230685717691427,0.7787025796375481,0.75379274964025
936,0.028209255120511867,0.7826221433825457,0.7573258320491084
937,0.024296525639049618,0.786200753781549,0.761114897414382
938,0.02070089546358516,0.7893841026045125,0.7650846368293738
939,0.017578238243502978,0.7921255511735513,0.769158190692567
940,0.015105307678643693,0.7943871506949386,0.7732586235613569
941,0.013446137776549606,0.7961399408742551,0.7773103430640877
942,0.012667968357840039,0.7973644152834232,0.7812404911981715
943,0.012659430656837943,0.7980506962257824,0.7849803146410593
944,0.013163098678930387,0.7981986676337199,0.7884664297040863
945,0.013900646170823948,0.7978176588377001,0.791641888005085
946,0.014661644382102474,0.7969262340330779,0.7944572695016492
947,0.015320735741475616,0.795551585238557,0.7968713045792095
948,0.015824006791368833,0.7937290113398522,0.7988516448611376
949,0.016172685980048958,0.7915010453240046,0.8003751659012801
950,0.016411606784591103,0.788916522756169,0.8014281972300682
951,0.016620341591954496,0.7860296652050541,0.8020065034740557
952,0.016902620171666403,0.7828987875989006,0.8021149719829785
953,0.017370655435308732,0.7795852860145107,0.8017673456245222
954,0.01812317031077663,0.7761523915590177,0.8009854981672253
955,0.019223379692316217,0.7726639849025226,0.7997988239675169
956,0.020686161358925398,0.7691833376951244,0.7982432674924237
957,0.0224800860289496,0.7657720964405029,0.7963604516471922
958,0.024540447138875418,0.7624892122167983,0.7941966576765017
959,0.02678514947380802,0.7593897398348615,0.7918017667676858
960,0.029126735750950396,0.756524342432332,0.7892282023502665
961,0.03148034131756427,0.7539381699061296,0.7865298431209261
962,0.03376741931051617,0.751670453557403,0.7837610330306372
963,0.035917611130280275,0.74975387019529,0.7809755904557536
964,0.03786928116910973,0.7482142972747577,0.7782258167497383
965,0.03956999375661444,0.7470702691728522,0.7755616533350997
966,0.04097625858603355,0.7463330705985567,0.7730299665877481
967,0.042053540736795195,0.7460066585717664,0.7706737063252987
968,0.042776337423356646,0.7460875435226858,0.7685313258628423
969,0.04312773622795362,0.746565265171604,0.7666362965519244
970,0.04309937971040146,0.7474225157781911,0.7650166345215428
971,0.04269117601304491,0.7486355914390954,0.7636944813968358
972,0.04191090625333591,0.7501748840855486,0.7626859495579343
973,0.040773752836398586,0.7520055236223315,0.7620009300308083
974,0.039301835129867894,0.7540879255579453,0.7616430954958598
975,0.03752344728921052,0.7563787138431709,0.7616099174757139
976,0.03547245118786368,0.7588313924257954,0.7618928135082185
977,0.03318729898958689,0.7613973324696716,0.7624774974167113
978,0.03071024450615692,0.7640265822455831,0.763344260416407
979,0.028086250486997887,0.7666688998811622,0.764468467877544
980,0.025362001580986473,0.76927456805299,0.7658211156792114
981,0.02258475432889161,0.7717953707807664,0.7673694318523857
982,0.019801124213309,0.7741855444072218,0.7690775722472815
983,0.017055939477899303,0.7764024705405593,0.7709073876591284
984,0.014390915975239579,0.7784075603189823,0.7728192154602896
985,0.01184341707209868,0.7801669264516959,0.7747726898568914
986,0.00944533246916335,0.7816518939702011,0.7767275364978807
987,0.007222078958518786,0.7828396268182173,0.778644474401365
988,0.005193145560288619,0.7837133954433595,0.7804859014183575
989,0.003377975781966371,0.7842627801671158,0.7822167132086458
990,0.001836931637779693,0.7844838555481769,0.7838049405634929
991,0.0010340004764361013,0.7843792112891085,0.7852223976835563
992,0.001780840947103141,0.7839576104970568,0.7864451599686236
993,0.00298493499070571,0.783233998183143,0.7874539420392116
994,0.0042532305500157215,0.7822287030581347,0.7882344446368718
995,0.005572476301455931,0.7809673077351846,0.7887775139608664
996,0.006969639533167526,0.7794798646292402,0.7890791435539445
997,0.008469593313224945,0.7778002106341738,0.7891405055382038
998,0.010085701453639196,0.7759652674631701,0.7889677359355847
999,0.011818113822295235,0.7740140926747642,0.788571607598573
1000,0.013654651969964656,0.7719873670696372,0.7879672220333749
